dayID,date,temperature,humidity,wind_speed,wind_direction,pressure,rainfall,Cluster
1,2023-01-01,8.727005942368123,50.88821102406194,3.285315958619859,63.55009152198298,989.3864405654158,5.303021332491583,3
2,2023-01-02,37.53571532049581,96.89524510591312,16.29149440462764,79.37503526526312,1015.1232977041492,0.4195122343163626,3
3,2023-01-03,26.599697090570253,92.4280513564851,13.303944413924002,67.11777437193163,960.659303030799,9.68488777594384,3
4,2023-01-04,19.93292420985183,35.663290783143715,10.461308495382386,280.65041048403117,1015.7845304603036,7.987141916545745,2
5,2023-01-05,-2.1990679778781743,25.548904070013236,7.176609682470049,126.04509330002284,1049.9413725770669,2.928220367009647,0
6,2023-01-06,-2.200273983189867,28.062240110194132,17.544010816262166,20.823363562822692,954.8212038860556,9.799703293588507,3
7,2023-01-07,-7.095819391590027,21.45774605212398,7.848902148452708,348.8769468506921,1047.7174184221317,6.018815896363221,1
8,2023-01-08,33.308807288746756,27.555436860474273,16.33198878943154,318.16291858683326,990.6907960722872,5.824226582072464,1
9,2023-01-09,20.05575058716044,74.64054187330855,8.782698171404368,333.99082195027665,1037.075345033726,7.4807317942953215,1
10,2023-01-10,25.40362888980228,25.695091876818317,7.538888588498152,358.1668161527167,1028.2385484058273,8.117697880901375,1
11,2023-01-11,-8.970775285209879,45.5180504235009,9.253595713392128,62.602289719015424,1006.7016260986668,6.564786073315027,3
12,2023-01-12,38.49549260809972,87.59002487755636,6.027557483282841,142.64712680495714,1023.8449209251328,1.2809574636620005,0
13,2023-01-13,31.62213204002109,21.86175485886607,14.952187603525022,272.96585125347286,1037.851556130135,3.382675059944984,2
14,2023-01-14,0.6169555339138082,85.15747860711487,10.054407801849583,250.5674224993652,990.4140321651032,9.280836403260498,2
15,2023-01-15,-0.9087516396449686,42.548381981872,4.644253902936346,55.40252628234782,982.703316156324,2.2461561184385195,3
16,2023-01-16,-0.8297745073283096,29.4531862097325,17.991491465491368,293.69992499662237,1016.7593385563584,3.7216702383751334,1
17,2023-01-17,5.212112147976885,75.73897322913206,7.677824427464229,80.79860586119784,1030.784594194126,4.32076882944196,3
18,2023-01-18,16.237821581611893,70.31542774239071,10.871057222279772,80.57434133614431,1026.2285134776616,4.394049896944522,3
19,2023-01-19,11.597250932105789,90.19776108216423,18.12944221929094,193.3107922416289,1029.7813648858637,6.129395824945255,0
20,2023-01-20,4.561457009902096,78.80568350431086,12.484759918279842,213.45837654301317,993.5583314812932,9.430758377447075,2
21,2023-01-21,20.592644736118977,84.27847443078788,2.3379608141672814,208.83103482161204,1031.7834216175022,2.40692711832505,2
22,2023-01-22,-3.025306967397908,42.562765805704515,18.796642472269504,32.93526146319175,962.0209055370608,1.2150137630091806,3
23,2023-01-23,4.607232426760907,34.195163502377824,12.554161061428356,315.88591054693694,1004.448909796085,1.9747048985993731,1
24,2023-01-24,8.318092164684586,80.04918013126867,6.6981122931417225,95.61601533193418,950.575866049812,8.869249002092696,3
25,2023-01-25,12.803499210851797,84.54677914138112,2.785441453267745,46.6253716618095,982.458582990027,6.458108126552061,3
26,2023-01-26,29.25879806965068,99.24041136005388,15.88050378540592,319.94930875283177,986.6461534871398,2.859067892391601,1
27,2023-01-27,-0.0163108920820125,53.00941415291412,12.40145511857027,344.0345393627112,989.6172691609256,8.159469389686173,1
28,2023-01-28,15.71172192068058,49.761446863422655,10.66922183952643,310.3659422155622,1019.5467206689862,8.61369996363436,1
29,2023-01-29,19.620728443102124,82.11303685935974,17.877851661019154,291.4257869009561,988.8558101270346,8.465143386902781,1
30,2023-01-30,-7.6774793640001135,47.264283220241424,15.771944224490614,235.88711303004783,994.869362262253,9.189265336395543,2
31,2023-01-31,20.37724259507192,94.46058604828518,3.0334975946550236,198.30865341929015,973.7544130874328,2.522410201733616,0
32,2023-02-01,-1.4737938156354229,88.67302014744095,6.234441355910965,31.31523356810765,987.325179162934,7.550419287462783,3
33,2023-02-02,-6.747420350736024,54.319522190001464,4.969782796289315,147.04315670545154,972.7269627263152,4.6053949727414,0
34,2023-02-03,37.44427686266666,80.06968542331978,14.87892585145354,134.16786612443303,957.3195923768444,8.419985528900614,0
35,2023-02-04,38.28160165372797,80.36342992677459,0.6706486947155876,93.51136215371744,1010.3448593381378,7.284906771616132,3
36,2023-02-05,30.419867405823055,28.24990950687461,11.39779369742633,260.4312409278906,1016.8212798555016,7.764474464997246,2
37,2023-02-06,5.230688458668535,92.20423253436532,15.24917371481381,178.5152646283575,1011.9490346009616,6.561618376810715,0
38,2023-02-07,-5.116394299680806,60.42018979582857,17.53531273523499,29.176637726753256,996.3494043800572,1.7742876946970687,3
39,2023-02-08,24.211651325607846,86.11659728861933,6.841634974318149,79.26595270193208,987.9785780179228,5.450269188969383,3
40,2023-02-09,12.007624686980066,45.603968082448944,16.425146093440258,245.97315491745456,1036.3333649571823,9.846697395245082,2
41,2023-02-10,-3.8980882577610583,91.64185827969604,2.2126347391041445,27.407109416508067,1001.9081785136218,9.373880664971187,3
42,2023-02-11,14.75884550556351,51.13613429873305,16.929045834690363,306.43448905755673,997.918187762973,0.4317373579701167,1
43,2023-02-12,-8.28057394423908,20.86701211842387,2.5497732466396483,178.25274972503075,952.5642065806436,1.6481481572943713,0
44,2023-02-13,35.4660201039391,92.4305581135411,7.945745811207345,173.0111678375933,984.1247827626156,1.317287734545619,0
45,2023-02-14,2.938999080000846,27.302934142890685,15.945907315591072,213.26680247742632,988.0195618785856,7.259799099852955,2
46,2023-02-15,23.126114217699097,45.54509100723319,2.9983485469754756,296.8851477330537,989.88227808969,8.17785329856945,1
47,2023-02-16,5.585553804470548,96.0049573640644,4.585027904652829,125.2113148447895,1008.0172369227332,2.1351136631067194,0
48,2023-02-17,16.00340105889054,96.04857175500447,14.445051367861325,244.08581492126288,1003.3602546726878,5.05852692951829,2
49,2023-02-18,17.335513967163983,65.87503104986288,14.400730730921488,203.6635070384848,1010.7905092793444,8.407030280112,2
50,2023-02-19,-0.7572772237236478,70.54697697358394,12.822952657705946,96.13017726099169,1026.488326154213,7.328015447662506,3
51,2023-02-20,38.47923138822793,55.87564175826558,13.878968889342,316.30679508785687,1031.2985738716093,5.422372054918483,1
52,2023-02-21,28.75664116805573,43.456861735845166,10.854488866951923,287.0733677784941,1021.8123076226494,5.903476904587729,1
53,2023-02-22,36.97494707820945,46.29316362959328,5.035981178139055,237.04266047703317,1045.5523695954937,5.0836054691628,2
54,2023-02-23,34.74136752138244,73.80147648616307,6.913919870078389,306.2094224739271,951.8232582676362,2.9754845131882055,1
55,2023-02-24,19.894998940554256,80.1899623550144,3.631954336028514,312.22591234552885,969.5777985683546,5.650219928590161,1
56,2023-02-25,36.09371175115584,83.32632349806788,18.169011226672566,255.01067161741253,950.7562874978142,6.888853020500907,2
57,2023-02-26,-5.575374897404025,83.16945142356431,11.667835895322408,301.3247982109219,1014.7474714154604,8.733229158608077,1
58,2023-02-27,-0.2008568790427407,27.29648824389523,8.017028335272798,251.08972620094212,1039.8030548949987,6.362913539792481,2
59,2023-02-28,-7.738635554473097,59.553624376206514,9.240116072882651,244.85067783370815,974.34822965763,7.61121537043158,2
60,2023-03-01,6.266516538163216,24.604700801331543,18.945666792236302,222.70009615746636,1042.7034544796306,1.60071634954573,2
61,2023-03-02,9.4338644844741,63.96231058589884,3.067028062321604,270.97799024075084,956.026739028956,4.6155747441978985,2
62,2023-03-03,3.567451588694796,55.32244010987016,11.724596640335944,57.09783790550653,1043.4436026805515,0.0933161982709329,3
63,2023-03-04,31.436875457596464,91.01633462066398,10.11777357768932,317.11347331161426,985.1622687239634,2.46678864521623,1
64,2023-03-05,7.837666334679465,48.07320100416629,12.229084708692955,313.8636699882835,960.1420828449216,7.264617151130048,1
65,2023-03-06,4.046725484369038,29.36536131420847,0.3622036764168101,10.529021892441293,998.5871759186324,9.918099513493637,3
66,2023-03-07,17.134804157912424,31.43933456422687,17.44247817888303,297.29403020331455,975.6776567720508,0.9917809958721592,1
67,2023-03-08,-2.953788751261868,80.92085053739778,18.642365649672247,46.39315229044027,978.4872901961922,4.0149431586128825,3
68,2023-03-09,30.109849037701984,69.45744506530089,11.30266367178418,120.64278753329108,980.7289964926288,8.000709686991595,0
69,2023-03-10,-6.272467816011459,28.08981408982322,13.933016477537844,267.6629722649788,1030.3025897832665,2.0403563462889887,2
70,2023-03-11,39.34434683002586,26.728544489199795,18.449987623545915,57.87356257739096,1003.9161276675254,5.550849493022863,3
71,2023-03-12,28.61223846483287,76.0775305167296,14.144772686267972,294.4681286828624,981.1307699156004,7.330712960296748,1
72,2023-03-13,-0.0642159232913801,25.82104050913548,3.050780858285227,299.56830406478707,1011.033378331092,6.159854502601791,1
73,2023-03-14,-9.72389414381988,85.7488047432285,11.525767203336263,182.68838415390104,1021.6150674223194,1.8802473461541611,0
74,2023-03-15,30.773071422741708,76.4993781725197,12.13430092765712,2.2989138180600888,977.2624000733532,3.553845686857394,3
75,2023-03-16,25.342867192380854,26.50790245135198,8.48261342604772,103.3337279429686,991.3549101525352,7.837917844853973,3
76,2023-03-17,26.450358402049368,26.787017126815353,14.728884712494455,222.0936906152672,962.1886093336948,5.542265141320167,2
77,2023-03-18,28.563517334297288,98.93116628009405,18.687340295380295,353.22702408987243,968.114934953468,0.0522961354291273,1
78,2023-03-19,-6.297767413295482,49.941663660489624,18.51137025813553,227.4528697260006,1018.1117853964982,7.609907600280939,2
79,2023-03-20,7.923286427213629,49.65137176535127,9.016787428082642,93.52928918309752,968.1438347695628,0.3531135494023907,3
80,2023-03-21,-4.206547023743514,85.0239653806002,2.264760916815105,228.24205311586007,1002.516338366706,7.457337827312322,2
81,2023-03-22,33.155171293779674,95.7798861907087,19.69682397924669,194.39473669770797,1020.9046261722432,2.024805601652374,0
82,2023-03-23,21.164906341377897,98.88008510582966,16.777961728918683,280.7443422544117,960.6876923094744,9.580734801193802,1
83,2023-03-24,6.544901242632459,80.27025482071534,2.493253624065337,38.513029977705024,1006.7312219628903,3.679407513020845,3
84,2023-03-25,-6.822082485698818,50.10076684247326,18.416837652347446,273.9700449007301,975.6562783701364,3.269316163380791,2
85,2023-03-26,5.54911608578311,26.6800573358935,17.397927241242567,194.8559683233997,1046.292687523758,1.4888805033244468,2
86,2023-03-27,6.259166101337353,82.17175327419494,10.376761142521442,346.6771213892381,998.3545646719924,3.0560421549021486,1
87,2023-03-28,26.480308916903205,64.6723399788644,11.825508714898586,123.073979773927,1030.5992549775158,8.766507618282006,0
88,2023-03-29,21.877873567760656,53.937760739758104,7.980054077402605,227.74388152822132,1005.0226542156262,9.963343376272473,2
89,2023-03-30,34.36063712881633,92.50835080757888,1.0952327764406269,335.53011798360626,954.341253285482,3.683095305068483,1
90,2023-03-31,13.610746258097464,28.895798584492105,6.703944832918019,36.90350207664453,1013.3151375594024,4.486106309545425,3
91,2023-04-01,-4.0202877030849145,59.41000834326873,16.057068971960227,337.4022554051224,1045.1403342206656,7.220709382027371,1
92,2023-04-02,25.66223936114975,20.908291581393527,0.0926404600920571,247.6388600282928,1010.1611820146333,8.861957804650745,2
93,2023-04-03,28.03925243084487,57.4928513595301,6.669983433822884,24.421341277861885,1031.918885942679,5.930443341867841,3
94,2023-04-04,18.063859878474812,24.504262054546988,7.963373871818867,108.34688410085386,1038.4206463348407,3.9152569817782936,0
95,2023-04-05,28.54835899772805,29.505433301445755,10.747912058758455,254.94195191230136,972.8079771948932,4.126218408486237,2
96,2023-04-06,14.689779818219538,29.40209974216839,18.39711232825521,24.246216528757813,971.2044839908226,6.956181464968068,3
97,2023-04-07,16.136641469099704,71.93682416928509,6.926919887319225,209.58136566345837,1011.0980988850991,0.0321826360427868,2
98,2023-04-08,11.37705091792748,79.68359034123387,6.939064037924554,124.51790050306442,991.1028469806704,6.195893374598407,0
99,2023-04-09,-8.72904366279524,66.66950120777277,14.750024962194969,223.52958639629176,1033.986130286672,3.554930104413574,2
100,2023-04-10,-4.605428650334778,96.97380387796336,9.044358817796144,16.467132172504627,1040.0023123398012,7.941973312770843,3
101,2023-04-11,-8.428540715663287,49.98964636189633,4.492096458799639,313.7532502148555,985.342137930272,0.9299063982313216,1
102,2023-04-12,21.82052056318902,42.85696690254886,9.048790322653868,350.4560289038629,973.6870558974482,5.882022669483905,1
103,2023-04-13,5.717799053816334,89.48793025515683,2.817140407595997,348.79602790284895,1028.0525515243862,4.809728898861238,1
104,2023-04-14,15.42853455823514,37.88766708155621,3.527739730124466,269.8746594274529,977.4806035548136,6.423255259052274,2
105,2023-04-15,35.37832369630465,97.0578031552489,9.967355454789594,46.83104644702751,1032.261431851368,0.6485359448296835,3
106,2023-04-16,2.4646114574437465,20.972357975185307,8.378508990090959,272.9747505344481,992.3738253648764,5.799837874281312,2
107,2023-04-17,10.519146151781488,97.59030613661112,18.296918021362,8.851289925168544,1016.7549899291472,5.614845879595237,3
108,2023-04-18,27.777556927152432,23.45279295604609,7.247877982332662,7.964478550439011,959.5535313834667,5.606600944161709,3
109,2023-04-19,1.4399082745811231,91.29144909584568,11.61176700556087,116.49967889383484,1012.3859324676572,6.034876665964548,0
110,2023-04-20,-6.151004508560351,62.21608872690399,12.645285758390608,175.91154854567966,995.176767873723,6.764679372263622,0
111,2023-04-21,4.487572645688401,99.43718368954404,0.2618891317666727,277.34667041080553,1008.6608463175476,8.049889996807698,1
112,2023-04-22,-1.938935637299778,25.90372517883191,13.270747440334212,245.98633557834188,966.8014207744864,2.6982072012821434,2
113,2023-04-23,36.484882617128655,64.30834275210566,3.5607193373950285,160.5249742956294,1023.6873744944182,8.250494101800621,0
114,2023-04-24,30.40601897822085,97.54420284952792,19.221406349389103,98.50559986139972,1036.2797077543228,4.982556822634536,3
115,2023-04-25,21.67018782552117,61.847827533611905,2.973254555062259,358.96482005677603,971.6739800090776,0.7705827913433116,1
116,2023-04-26,33.57302950938588,70.351891050821,8.292482474540474,153.42526880495026,959.571455552016,0.585509292439792,0
117,2023-04-27,30.183603844955726,75.65989511876937,1.7069933615728772,162.49932875868316,952.3638586046336,3.342383186960608,0
118,2023-04-28,-0.6714970556982074,56.36328518142186,19.937485036918947,58.9045756290009,1014.1971500443266,7.8489697711146755,3
119,2023-04-29,34.627949924498886,70.20464640672508,10.043900206624851,286.1314375499746,1010.709403608878,7.076809347409157,1
120,2023-04-30,16.967112095782536,66.74514495384801,11.907700346400876,249.7256012813359,1004.669741271407,7.886149646724064,2
121,2023-05-01,30.372007758203125,92.09264083927911,1.3415295477685496,79.47706060395375,973.1947096115975,5.172690564416094,3
122,2023-05-02,34.80456499617466,23.63571042731663,14.999209407983557,29.65717642170337,989.0905995905516,4.401989979554905,3
123,2023-05-03,5.900173748593193,42.477055167378424,4.198111861911715,244.97974874689672,1009.4476335186172,1.4745252670628397,2
124,2023-05-04,-4.497403773616162,96.0329187261247,17.961085788814273,235.62403714120867,999.676685885917,3.2819275360931153,2
125,2023-05-05,1.3967581270970832,91.2211027112733,4.102792809640143,98.37342971935536,1048.7785520214888,4.340193661738753,3
126,2023-05-06,11.355389431312815,56.45254022285704,3.813754413273331,342.3108824101477,963.6439752556734,0.8860042967961723,1
127,2023-05-07,30.900738296124658,69.61060782412294,0.7309933569618976,54.380841041124086,1019.5144554047594,2.2061195271121123,3
128,2023-05-08,33.036529162817175,42.19049463849061,9.441338902199984,155.6405283753367,990.4318768104292,5.982252940637388,0
129,2023-05-09,-9.652393473440464,35.0496927779009,11.296822665252328,339.7017312603356,992.8199614925614,7.356631142391898,1
130,2023-05-10,15.537365128878283,57.09587239519857,1.3141727885670471,151.10183409340402,1021.7597765658176,9.983475113929495,0
131,2023-05-11,10.870550157438949,48.268178242084225,15.510552333900211,229.8693411590708,1019.243615132437,9.331133313435576,2
132,2023-05-12,1.1053905235365118,66.69248894806977,9.065776694960553,143.13398326660595,1049.1255993702189,6.425651995351915,0
133,2023-05-13,-4.00673163331586,26.218770957198785,10.4878053865516,98.7174728455212,962.8394289454126,4.21248053294072,3
134,2023-05-14,6.880758570181399,97.95158461329332,8.815254938764562,354.23195326553815,960.4109649384168,6.361773647082327,1
135,2023-05-15,37.14548519562596,98.89685955836823,8.01526121750652,147.36024227341548,1022.4338817128742,7.85651618080232,0
136,2023-05-16,6.160146601037763,75.85293712157961,11.19280662616436,321.8757133244884,1007.8386917006408,1.1833619092338732,1
137,2023-05-17,15.939531087168303,62.88770930752963,3.10480491861425,82.78365812079103,977.4160666559806,4.099048896962882,3
138,2023-05-18,25.15094794475889,44.76220930290622,3.6385626099054225,76.71769344903,957.9419368988988,8.398022856356173,3
139,2023-05-19,8.1814801189647,85.10360157655589,17.235712420270346,11.20826983842409,958.565824959643,3.83832951933044,3
140,2023-05-20,38.58910413604803,74.77849380431034,18.922309242672657,234.60005713531865,1039.4190874664118,5.718722712271865,2
141,2023-05-21,38.12236474710557,33.00935514759131,7.466186325595059,132.669483740554,969.1867324718744,5.877693608621982,0
142,2023-05-22,2.5891147912682086,92.8741747595074,5.414893462871076,311.1689699422693,982.337156211552,1.8447625313363936,1
143,2023-05-23,14.862425294619271,85.80297943385352,12.879990864780314,170.35556640896058,972.6656402226988,3.622354416522884,0
144,2023-05-24,5.043915490838483,95.98399306335392,8.174683421961928,348.5496340492998,985.4996305831936,3.3451128874193214,1
145,2023-05-25,4.242024718873381,78.0575606710688,0.5077271132068972,66.78918565312361,956.9423842746094,0.2619670853206479,3
146,2023-05-26,-8.15565263227336,69.07321567486319,3.123051947323807,312.7043404640199,1001.905979090827,0.2419176389135524,1
147,2023-05-27,20.47821669899484,53.45944290324951,14.319444576947951,279.57486700502704,956.7612563592216,8.316970436757735,1
148,2023-05-28,15.133951161443076,94.61827866832108,13.178478838203027,277.5318640718587,1030.0356507822362,2.7307080997281243,2
149,2023-05-29,-7.426062437500533,89.28511116003267,0.5419198500696698,304.12196212207954,973.3712081910433,5.180787662388155,1
150,2023-05-30,3.932323211830571,23.617493608495153,4.439443238658988,273.9686367394796,1004.0011914604512,2.9872557358877305,2
151,2023-05-31,35.41329429833269,22.10935795978016,4.621495931761428,225.4393157873095,1038.0079087561458,9.406792451153406,2
152,2023-06-01,1.9780945333486208,50.117069350243966,13.437854871974569,47.24815596565953,1015.0877369047196,2.5929675886577375,3
153,2023-06-02,-2.755256395438846,84.84426646254663,0.3942107550872831,11.70942461685069,1003.2957786551336,4.296568127389351,3
154,2023-06-03,14.47263801387815,98.98209034519556,2.082171639691477,331.5052252136473,982.4333753115376,8.727302504846019,1
155,2023-06-04,39.282522705530035,32.033351288282255,15.998321707463788,221.9941132274657,983.3001913058198,8.419335667918087,2
156,2023-06-05,2.10276357557502,67.5304572281708,3.5708932410866723,286.7534247514235,1016.948695519819,1.8610141784627732,1
157,2023-06-06,23.606777370293926,50.47126853048172,13.054922157037494,173.348046544518,1049.4139361221169,8.026433097957105,0
158,2023-06-07,28.08098076643588,97.59315182516826,4.76365562093453,42.23094802646201,1016.183918984938,4.581868867378926,3
159,2023-06-08,1.881877199619984,87.36951385085669,1.9888278551869032,45.06688519291816,1005.7783417370024,4.829688720853552,3
160,2023-06-09,26.410817430592974,87.06629637689103,4.863443819989081,246.8035034024297,1023.0650510239246,1.3347997241594378,2
161,2023-06-10,8.38915663596266,57.49545278359762,14.445338637113185,154.91012216380656,996.5205612283718,0.8060151375712465,0
162,2023-06-11,21.615291529678977,53.185560187013216,17.113929362125717,72.18890161212121,956.0142342600784,7.279393069737652,3
163,2023-06-12,21.676485538044737,41.8725657544565,16.604397291339833,176.97403682691728,1006.229681587791,4.964611523552998,0
164,2023-06-13,16.788734203737924,24.51003973207417,7.943670592369097,23.115217347048272,1045.762528450538,4.3685070261517955,3
165,2023-06-14,-5.485511497279585,89.17779010040425,13.361702731412922,209.50970468918356,967.530294235766,7.295082286523967,2
166,2023-06-15,31.7651247794619,85.03208073040621,4.099685908316419,96.83762559663516,1019.0004890820666,7.6551289899110975,3
167,2023-06-16,6.039003248586791,99.97741386289044,5.862954605220265,287.1212762293877,970.0933688659056,1.5890816766935356,1
168,2023-06-17,-0.6740744800072882,99.73094696591244,17.926716370422394,111.73030521248656,1003.582768447308,6.102251494776413,0
169,2023-06-18,-7.961242922261804,64.4345364482102,0.2600384702147207,163.87925366944842,959.667644964672,1.3535408227768553,0
170,2023-06-19,19.54464715941209,81.51899321444084,1.7101706170893616,4.183394366916229,995.0370936258186,7.513750860290457,3
171,2023-06-20,23.87821809211412,95.58125839059424,4.157725102920546,26.080879606041197,1025.6163328895243,6.569551562671395,3
172,2023-06-21,-9.170608553607192,87.97179125419292,0.5306440774763943,141.29768030640653,984.7571524238982,9.56614621083458,0
173,2023-06-22,15.60465291496405,39.78784813945581,3.6287087017959463,172.77798049816445,1016.4911724487218,0.6895801635642118,0
174,2023-06-23,1.3247887598968973,56.04353082480748,11.660831219393843,216.00739732294937,1029.5449960789729,0.5705472115125432,2
175,2023-06-24,22.258639520472492,30.3327532121196,8.428491011849959,104.99852833534916,1042.7177819479452,2.8218707469320012,0
176,2023-06-25,-1.2816785497504275,96.3240821806978,17.853434221539498,250.1934790055553,973.4642081855452,2.6170568373590597,2
177,2023-06-26,24.546886905123294,68.49397075607041,16.34887123476882,309.64406298811366,989.9315915809308,2.469787990719998,1
178,2023-06-27,9.336767315026869,38.29142444027702,6.836347033957519,280.74635600160593,965.2416013330418,9.062545805210366,1
179,2023-06-28,36.836499436836725,73.73605475246853,5.18846866862585,14.262777125408572,1049.2483502158375,2.495461998495061,3
180,2023-06-29,-3.1239527927003374,69.45025923663167,7.593848163345339,172.98250101281843,1042.7000967924296,2.71949726128631,0
181,2023-06-30,7.053317552512926,48.65301744262724,11.805898850296154,37.77486423054295,1003.995713028056,7.593982624179637,3
182,2023-07-01,-4.326323937970546,29.08460737597032,5.361272816457525,87.13620571050988,1034.2033294376422,4.4973984245054,3
183,2023-07-02,36.23468091392814,73.72585564742397,12.48297815698268,355.19853357617274,1002.0957977272042,7.767105569551812,1
184,2023-07-03,33.86696766904905,61.62461607230347,8.188233043824809,51.29839544454476,1012.358568800276,0.6536615756438524,3
185,2023-07-04,2.8970813857577795,81.78547133885115,11.040943617039606,179.59973524248818,958.9124432116016,4.875711936733843,0
186,2023-07-05,22.999202301708955,61.61308008895947,8.722530582706334,222.5360643545229,1025.5270420496809,0.3361360018328263,2
187,2023-07-06,30.86111001006079,88.1745200254832,5.889315190838353,252.88738939587745,962.7713483635234,0.6265320345535452,2
188,2023-07-07,17.760040579973115,64.15254710195885,18.969066139243132,201.47352605528908,1032.6067630252528,9.06437453344411,2
189,2023-07-08,16.482528917800323,64.87503772283091,15.272115883195216,3.5175050709061173,1028.2028087670385,1.3924537111759516,3
190,2023-07-09,2.0926145450225846,90.1322882126676,2.802263515329051,117.52607096783709,1020.8744697742976,5.324206822752171,0
191,2023-07-10,-5.344861609705039,52.27862929699177,17.369359517958255,186.3761916184961,953.6160380524764,4.110956026007066,0
192,2023-07-11,34.860787897666334,30.72121827605126,9.748623964990273,31.63193969214001,980.3128355945328,3.4734332625884266,3
193,2023-07-12,35.02090285816652,22.30261410506712,17.89104453788183,126.22569523530508,976.3112569910844,8.998333456872725,0
194,2023-07-13,21.655072863663396,80.41098045388952,15.997105118946305,11.953119164891962,986.013640747152,0.218233967754895,3
195,2023-07-14,6.951489552435035,69.62476410827718,8.504270089384669,28.288258975807462,958.7642746763838,6.637896861755891,3
196,2023-07-15,7.460478730633046,76.32638144793788,0.4493861664023479,142.8923794325746,1043.6957823031062,9.633944342135504,0
197,2023-07-16,26.297783943511966,37.03713292071286,5.373547187698922,47.777671455501725,1005.3802240712376,5.60168183461842,3
198,2023-07-17,34.85551299762886,30.90971804694158,10.83268429321734,204.31470537416092,980.5524310658024,9.36822462033092,2
199,2023-07-18,34.354321213255865,21.163573253430556,12.669564396522944,248.20738888941565,989.6981517074285,0.5225787928602377,2
200,2023-07-19,28.99377729288119,48.04700470452776,5.157753708664046,288.2112116792698,994.7202540504836,4.187933190741614,1
201,2023-07-20,22.101582307714388,67.19341494837064,2.787121481456482,72.05408792813164,1010.0594333360616,2.6015779096205116,3
202,2023-07-21,-5.793001750247559,51.379523607978584,16.69860473598598,60.293729613265114,1001.5679427696498,7.3082096498072975,3
203,2023-07-22,-1.9185642952693112,54.99799376189833,19.68804361407104,37.64442252038409,1041.9391973214415,9.812970904972468,3
204,2023-07-23,34.927709426353964,92.33269555949988,10.513803646053717,229.1148898357092,999.696348290583,2.565300624442478,2
205,2023-07-24,20.321452982979498,47.86043736186403,3.43358571696607,254.33126153528443,1049.2158014823312,6.5417460147407445,2
206,2023-07-25,-9.540147419168518,61.119159132784866,5.446146530387379,11.371012137231132,1035.1424957745096,1.9809763275974013,3
207,2023-07-26,-4.9264228566983945,82.69224101929144,0.3678135309493346,337.0364086477283,970.8510514357336,5.653302545716099,1
208,2023-07-27,23.175088455402793,51.72342258570161,18.28597613120998,18.70966211453007,1043.0595214643915,4.639324866883362,3
209,2023-07-28,-9.746920807689063,69.76693601822987,2.3550216578028227,194.86668070838536,961.6366397885477,9.72005329631537,0
210,2023-07-29,-1.9595974291250664,88.98909669973962,11.530329510285071,255.2617870023299,1031.7449708491192,6.085272726964666,2
211,2023-07-30,17.436689468329305,95.96164989261138,5.48110441374412,313.5488845485908,988.062329347658,3.495063720868188,1
212,2023-07-31,24.594759884634662,31.765878474323035,11.083560050315867,257.071295567674,1037.7974320445069,1.1409578488793335,2
213,2023-08-01,22.598062975130027,94.12701001291956,13.028407767037285,288.62210990512506,1036.805669010745,1.5124682873493456,1
214,2023-08-02,1.2134654730279897,59.369303446363055,16.594836074144034,122.20206931541018,1030.592540011762,2.2531692995123507,0
215,2023-08-03,25.608961067376796,40.659551063916666,4.128425435212064,293.3370409487444,1029.003043630706,2.50966661340298,1
216,2023-08-04,1.862454374840004,56.7308604990609,0.2199165731696095,28.841344698483052,980.467913909804,8.506160578411379,3
217,2023-08-05,6.269984907963387,98.40260602283816,2.7377126013761455,322.13399618178994,958.0919283051252,5.612227882825249,1
218,2023-08-06,27.324570255901207,59.40944751942957,18.0003728369621,197.13325541534505,990.2980178765162,5.233909113743664,2
219,2023-08-07,22.481644952360732,46.300128823000655,17.477801551250305,294.22719718649773,967.3524514986508,1.1476887186921747,1
220,2023-08-08,32.4611705247089,70.67206834533806,11.948262043406164,162.83458242658804,1019.4951088902462,8.60139693349435,0
221,2023-08-09,22.880644615017168,39.21164950225545,12.010337208673068,231.687970270749,984.6099726537784,7.228143032084837,2
222,2023-08-10,18.415430166773582,26.06906624869311,13.30073349092511,189.50495793700077,1047.5610200859917,0.6766836190000158,0
223,2023-08-11,-5.316261608595376,30.310377752851934,3.507425572468992,263.3722278319195,1014.0972077345332,7.078350972297686,2
224,2023-08-12,8.385790152971676,30.243667116621793,18.288238918499196,29.38679353101225,1032.248056363436,5.4353821734264605,3
225,2023-08-13,3.2601183840862724,32.15221548098355,8.375410497841463,21.726750236602967,963.2524672741848,0.8172534574677826,3
226,2023-08-14,2.1994821689541784,31.10617381195281,7.662770564989949,88.95716424365273,1036.2014482272623,4.583006415286564,3
227,2023-08-15,38.65052773762228,71.26997958425717,10.37835410565675,57.4360848407478,1042.2757190513394,4.8469628713004695,3
228,2023-08-16,9.65488623333802,34.55040675193159,0.9393193355011008,313.8420839731926,998.7061918818936,1.6577454016327575,1
229,2023-08-17,34.602327758855665,47.65338266590906,3.325667375121588,78.91703544889596,1010.6252937750976,9.456981470002823,3
230,2023-08-18,21.556931299863145,91.74307279248094,14.76067232852741,351.3114920948873,1026.4809800902997,8.49975371480662,1
231,2023-08-19,29.740565177082424,57.916931221029785,1.6559733585025294,121.28248503759846,967.4838627260413,6.690223373291083,0
232,2023-08-20,15.131854655259604,73.40461908168217,12.063042189327764,65.56244964793174,1000.2566076463444,4.622955610006072,3
233,2023-08-21,18.84519423131795,33.78558969613039,4.906982193626419,284.29146257129247,989.8663027772312,4.1176554158450855,1
234,2023-08-22,14.625884690943195,35.38312150469366,7.785912280839531,237.1347991803154,964.6373992162248,6.509734671509541,2
235,2023-08-23,-0.2378506100977748,23.26948930131831,5.773874735413997,179.35045792313002,986.7534422291532,5.4543186940690545,0
236,2023-08-24,26.122605763075263,33.514805045773166,7.113454329298983,199.93087833754728,956.8172309385492,0.6227310588188562,2
237,2023-08-25,4.03861812204279,42.287227122556686,14.380918103684907,258.91264017801495,952.5811906949486,5.125026487703317,2
238,2023-08-26,-8.784201678427308,34.160838742139745,5.942434312463501,82.24370687926753,963.5166289154824,8.064036172328395,3
239,2023-08-27,22.27361479535839,27.096202700564447,11.328092805937944,358.6802097804271,1046.3115111589177,4.59239877596958,1
240,2023-08-28,-1.1444660296475533,29.650869688048065,9.521008043981992,350.9255383728419,1004.9529535895016,0.5195657755426841,1
241,2023-08-29,37.02292921764572,56.86230144261806,13.273423307252962,234.1172470848973,1046.582216115322,7.862781993840331,2
242,2023-08-30,37.696428850129365,36.5066974724634,18.73659478649516,71.83528233449225,993.2497878330132,2.013637821359744,3
243,2023-08-31,35.743219511022424,49.14158888384604,14.651441944205006,244.8821672752649,981.181613308526,2.586208348880388,2
244,2023-09-01,8.507935012772219,60.27338166838855,4.298807571815136,25.991427232503305,1000.6141862840244,1.647063534322959,3
245,2023-09-02,-9.227169173556629,75.23158629034923,0.6236627012256934,11.034900794090184,993.9511688632912,3.302150648714975,3
246,2023-09-03,36.415928129386266,23.144971187287915,5.245280885996502,92.76583986403692,960.5664684261744,7.56751505688635,3
247,2023-09-04,11.409207415865716,83.95283191272341,11.901558614005095,166.54426442615386,1014.0826314690206,5.193858595039373,0
248,2023-09-05,38.33274095218348,70.23203115927262,1.028516269685007,312.578101947017,971.60381825096,2.048812741507126,1
249,2023-09-06,38.18099885446264,26.540722555909753,9.927324944024727,261.7808651158709,1011.9587954897828,8.778300781520409,2
250,2023-09-07,32.650472773368,89.88628992854218,11.936856978337785,267.37434763199315,1015.0201092398154,8.795818549515293,2
251,2023-09-08,4.722444603479284,93.66979204254504,6.684877816339217,153.17760040130713,965.2024853128648,8.70578425046007,0
252,2023-09-09,9.254886430096263,24.8862367883891,15.41824407491644,124.53659731690664,956.1349627110668,2.3879621138153926,0
253,2023-09-10,32.556833575842845,42.1502118517763,2.131965062675436,133.573954674457,1028.076158606844,4.512393441809881,0
254,2023-09-11,5.846100257813884,84.4961023834449,1.5027556347161752,355.55384294498083,995.980042376932,9.849896561408752,1
255,2023-09-12,-1.5253626656953756,79.86077523069267,14.563775124072066,14.439308908493691,955.8163795505476,7.720124763099904,3
256,2023-09-13,17.840063122917506,34.76168154851018,9.90982632412397,312.13133860408146,1049.4866317169767,0.2716742122555982,1
257,2023-09-14,36.80773870803905,36.747945866936824,13.76804792855472,208.3231470860616,955.7780560996366,0.6520459126049205,2
258,2023-09-15,24.801489833748647,49.63776822331056,8.696546772074925,157.90155090825257,1019.5035228858552,4.639313768123328,0
259,2023-09-16,18.50305850446825,58.761838815281706,4.928040664782136,261.09275774944916,1048.3678925263414,9.092202058615602,2
260,2023-09-17,-5.1411753114615735,69.46038172242368,16.382046353483993,175.20081891289303,973.9180104215926,5.387017979527142,0
261,2023-09-18,20.750361334958487,49.51309116558179,15.988317579379585,314.4323657093978,964.2249368687196,4.9781250803429025,1
262,2023-09-19,39.50269250521316,57.002777290651835,13.893929417088536,324.25267104405305,962.1384939422428,1.0547369995663058,1
263,2023-09-20,-2.995799238173799,79.79767505070052,5.4429027445992535,151.81953367444396,980.3275147567596,6.5678010472429404,0
264,2023-09-21,15.916482618186835,22.934656231247832,11.804613337381742,99.65800700461855,960.1045811010648,8.221031606002255,3
265,2023-09-22,33.86865359639777,40.19495554752166,7.219477938800536,213.2461182936104,1019.2161341694132,3.8042000750756233,2
266,2023-09-23,27.03843088771022,77.0679668707642,1.831641466532683,328.45080442200873,956.2291798130062,7.756118509253275,1
267,2023-09-24,24.850787049763397,91.61654701497596,18.346271509244858,75.83838804203997,1000.942212814979,9.644766539008115,3
268,2023-09-25,25.12420419935546,60.93419536925329,2.736372618379228,224.2679700828538,1049.6696853852975,2.037664591276891,2
269,2023-09-26,7.974557560987758,62.569078821225254,19.00474707641605,227.3616792333074,1031.397026950602,5.233296311947413,2
270,2023-09-27,4.679592213224668,28.573760907182084,8.920115459159115,263.9206880695011,1011.5219438231012,2.8713795808457556,2
271,2023-09-28,30.46805777392568,55.79298934587637,3.702658576772393,47.36436664581353,980.6253620786612,7.9285441903383935,3
272,2023-09-29,30.50566973395904,62.60938131640185,10.838018947567162,257.69698728555187,1012.389583629164,5.775933658811575,2
273,2023-09-30,33.35361592900519,39.39764029077837,17.458916717528165,327.25170743963076,1002.7041463911652,6.345824175503037,1
274,2023-10-01,35.66202762782356,41.539458475950475,14.644497728191224,64.6859191932871,992.6083383890372,7.979141596158941,3
275,2023-10-02,15.56711994304689,50.18273304836981,16.131222957228996,85.51559697259594,963.07103767402,3.959704726624549,3
276,2023-10-03,15.07581473435998,21.60569582221811,13.175667334214348,349.70223385499025,1038.6604215240466,9.150900684070432,1
277,2023-10-04,29.91475894833876,45.76633324665426,13.84553129035705,65.15170297541631,994.9784648821322,5.3302886724614,3
278,2023-10-05,22.49819653888826,36.91584055972357,16.983913031306386,307.5786336130485,969.4622511820766,1.57954822835348,1
279,2023-10-06,25.09834386288517,46.19978817423317,4.993360177183719,177.22002832129252,986.775935087729,6.958991181688025,0
280,2023-10-07,29.789633471805057,29.580970545540097,9.78849927286281,89.00318678514374,991.4129752528928,7.932613504382544,3
281,2023-10-08,34.50026709087832,91.2421824591916,4.4241888363920445,313.46996445810413,1032.7537895566877,3.1676167706752665,1
282,2023-10-09,6.89975784257679,67.48739628432389,19.75336015993294,160.30989180095958,1023.3614380561402,8.57179256998753,0
283,2023-10-10,8.779147631997201,74.32818553155917,18.881186793732265,185.3342474146885,1026.930489364134,9.061432547657663,0
284,2023-10-11,-5.30090300795655,83.13369908858706,0.788536227370118,129.32401298391565,951.1031264428648,2.769044873778089,0
285,2023-10-12,18.9140070498087,59.87537591432458,14.11150345031377,213.46230651657388,991.615399817976,9.83521472715222,2
286,2023-10-13,-8.202886310162896,26.953623046993897,18.504966348313317,58.868594130608194,998.1344151635324,1.4071152804875842,3
287,2023-10-14,13.27990090662301,62.968523345483824,3.6115069025466706,140.78935319463386,951.9192276823056,2.0201566840249,0
288,2023-10-15,17.13223173537883,66.94728944167034,11.358904611052589,348.9884360407035,975.9813208745036,1.8422483923802613,1
289,2023-10-16,4.32706260641422,79.6351579347464,18.30976595176084,92.92803577240592,1026.0289823122134,8.939897100078705,3
290,2023-10-17,19.541663028450536,54.53276369837435,0.6789195717159768,236.4251992348652,963.7109705729,6.542925523249618,2
291,2023-10-18,-8.47498750304753,30.2064242236451,13.948405344936798,117.06842312089016,1003.5310131452592,1.5210428322227287,0
292,2023-10-19,-8.13259056253928,42.70207246389795,5.946980147451015,278.45032524717624,971.5201872017236,4.40323418368349,1
293,2023-10-20,31.130028032982914,49.0465837118908,18.487923907530607,47.114517858605936,951.2120774643894,6.15298025069802,3
294,2023-10-21,8.009532070563143,71.67337930652809,19.421164903307357,349.1355762282761,974.1201457599542,0.8346408498938329,1
295,2023-10-22,-3.646974367405761,65.66226437351295,18.885329782268677,163.36423489811014,1047.587375491005,8.824163684073387,0
296,2023-10-23,16.112163002740218,48.4877380718277,9.484284333149276,84.97816680472702,1030.153711188299,8.036035354415352,3
297,2023-10-24,28.499677654930544,98.92121990343836,17.240853019786268,26.458829038804556,1045.9576644321032,5.052067735766382,3
298,2023-10-25,0.7910513748421586,68.46198554855097,16.890987970701406,61.11284583151467,998.7854043926362,9.671266152591704,3
299,2023-10-26,21.144523790950014,38.97814333887956,6.382009464865113,187.11862148016635,960.9736198677504,4.177609792750997,0
300,2023-10-27,-5.7326267503116,28.1425978096323,16.57830948301355,121.32114351526307,1004.7959488973692,9.841103190364976,0
301,2023-10-28,-7.415913941569615,32.22873113474656,0.7401526943098524,298.3980117177394,995.437733455996,6.67919998803627,1
302,2023-10-29,16.5677315784074,39.67661827076065,11.92539756964106,155.11950851825014,1034.4357082739616,6.346712732539414,0
303,2023-10-30,17.031756080505325,32.85450986076445,4.6001767457540605,89.53713813154677,959.8082580784244,1.65954895295785,3
304,2023-10-31,21.871495074910328,34.925361924104465,2.411337715545576,222.1721951774508,998.8241137021778,8.81927758304644,2
305,2023-11-01,26.30456668613308,42.807613495507766,1.5390640325841831,254.4397980787605,965.0048664693984,4.2748968792061515,2
306,2023-11-02,38.79260397312673,33.86988762358038,13.925775517562794,60.13508684434195,982.467592689006,1.6223340578247936,3
307,2023-11-03,15.815017415059769,91.741233970114,6.797499275361323,60.342917863794355,1023.73570773878,0.1260751997575904,3
308,2023-11-04,6.1478236470623,26.418699652931377,14.49533543057523,13.201713696075467,997.6018129368766,5.597556836383825,3
309,2023-11-05,29.759309738435185,61.960911165620374,1.3071268159788474,265.1047254236306,987.5888285145768,5.2739962212267635,2
310,2023-11-06,3.541612563103712,52.83174615917292,6.305806756612206,238.96962994384984,989.4476278570036,7.193536223691586,2
311,2023-11-07,11.948571035281804,98.59028935268852,10.789825847506744,170.867115269933,995.9446768405986,8.902580530178021,0
312,2023-11-08,-6.077180932886702,28.963112173444188,15.814463296779271,303.901361628911,1028.5016543837055,0.7940658464302952,1
313,2023-11-09,-8.732462829227124,51.82844792365933,6.375050058641398,290.04125506201916,1039.2084688940236,7.314964903403624,1
314,2023-11-10,38.132420733896254,97.55763466202951,12.51782752874018,210.7275711828308,1045.533468650393,1.8741194409758224,2
315,2023-11-11,31.79900602561029,89.24057007151842,17.71955496472374,312.5776609847731,1028.6903386255294,8.581770531571639,1
316,2023-11-12,24.798710304684896,85.3657656759424,12.31726376364609,74.10283561323656,981.5406895748011,8.19063513861656,3
317,2023-11-13,10.447647220713495,40.632226163595185,4.659189495072676,40.29106298318204,1018.8134706086544,5.407937549855443,3
318,2023-11-14,-1.3352839964577117,33.67100699120527,0.4880156311307604,97.10986014611626,993.7603124055393,7.102427986233115,3
319,2023-11-15,-2.1781478664456975,73.49145759395448,17.401977478018598,20.551268192153348,975.4670622046052,3.1435011318374837,3
320,2023-11-16,2.512144908229766,94.35007913020686,0.4253882170077427,191.22103008037152,1034.0871579425925,4.7116789893281465,0
321,2023-11-17,17.461333235306025,64.54103144111438,17.49403345368399,337.17804922618615,953.8426348962324,8.216368977104716,1
322,2023-11-18,25.72979613500312,65.72901515759199,10.57874268054424,14.163674640663473,1040.1761992135423,4.592651971732139,3
323,2023-11-19,23.009868835886564,42.39832749282273,18.781353970257925,43.95956904360965,996.1477464624734,3.577982653254418,3
324,2023-11-20,3.9966948472971424,81.55943465535495,15.975664715473307,162.7916501820367,1013.720147680828,4.942124472502999,0
325,2023-11-21,37.743264033159704,34.96349988460187,19.95868221066675,336.19500631004576,1015.9353922205784,8.282492524372184,1
326,2023-11-22,26.894845834788427,45.89433891233949,7.014236309034203,113.8161977916302,1039.5117740706537,3.3520804737087273,0
327,2023-11-23,17.717702625570034,54.034915089313344,15.343765778622538,182.60453112782128,1013.6669682167208,1.737615931357438,0
328,2023-11-24,20.58603731171761,60.6088302947564,8.038618272184843,14.966229258141157,1011.393358476006,7.120140203307807,3
329,2023-11-25,10.980003121389494,39.392778593206415,9.597512406078176,53.40355234635199,956.665204056069,8.259782127080818,3
330,2023-11-26,2.3865494750578726,29.186945979136283,12.550109264367402,355.1868442651849,1001.8408021945204,1.0063747852353333,1
331,2023-11-27,7.798633932563078,68.8496033953306,17.473542283726776,347.44273071697637,965.0169000817042,2.3987411275594472,1
332,2023-11-28,27.892305523218457,43.09044425922046,19.681669383985906,1.7783931363874617,1023.7433768721486,1.419719897609939,3
333,2023-11-29,-9.280325568512207,66.49905771380898,15.365468277290365,342.652242752366,1001.2221920812674,3.4794141158216663,1
334,2023-11-30,-4.196367974654188,32.34901722193619,8.355335643346676,230.08317761358012,1018.0227779208352,4.503509789054126,2
335,2023-12-01,-7.699867898912363,58.4912081483854,8.427140045541403,312.450586027208,954.1672900602384,7.488263369633064,1
336,2023-12-02,-7.963559884051493,62.60715460412687,14.75164603177783,163.70634802818927,958.4792016045805,6.511475848816741,0
337,2023-12-03,32.77302920055036,24.145882945794153,4.775542915366047,185.61457028853008,1021.6323388062682,6.2092856747843115,0
338,2023-12-04,25.18289296900118,46.92834225551365,2.209482262627893,175.98476889249127,957.2084335998674,3.523749466096544,0
339,2023-12-05,13.70869145436626,30.75317415511794,7.09244315281553,240.07113271659756,957.125672776526,8.4144755308476,2
340,2023-12-06,-5.108291967449926,25.06999763782142,5.744779833081635,50.27445171227264,951.2108475234888,4.712871673981645,3
341,2023-12-07,14.58079375584162,99.19681859119562,5.926162409119802,10.790492354164062,1045.650139829948,9.791049380151543,3
342,2023-12-08,13.673588539028284,45.788307597977834,4.672155020998199,110.85477897282873,1023.7508359459008,6.3414213829573685,0
343,2023-12-09,-1.3399065044992415,84.7899556683708,0.8418637927272377,253.6850745851928,985.3251408502064,1.2626474156450274,2
344,2023-12-10,11.692582461898652,40.37125238110111,0.3574786946682762,72.66724276426142,979.6535581287656,6.7617756207543405,3
345,2023-12-11,9.925236719868671,74.52021777791434,19.75444779472063,242.43567599697025,984.970322974585,3.25104015431699,2
346,2023-12-12,20.792504902610823,80.81822879117493,8.555462674717248,349.1683365986174,1027.4653531181182,6.8632719668609745,1
347,2023-12-13,21.75468254338219,67.65109924862755,7.686532943193633,33.80425768419062,1016.1370611070414,0.6964114816240574,3
348,2023-12-14,-7.7347995113977746,57.72609508401267,13.592945653861396,242.13676256104543,968.5195567867468,1.748814371759594,2
349,2023-12-15,8.730630731323561,52.947273131781486,4.365077757301283,159.75007894964563,967.4109335334084,8.557372589057863,0
350,2023-12-16,21.29299578571182,47.90946132343962,18.99922367900451,312.5312115759019,959.8395649713398,2.271795570235149,1
351,2023-12-17,15.156812929004383,94.36233153982607,15.72690028831104,63.773924201058925,1016.0302719701338,8.3704112524294,3
352,2023-12-18,32.824492059416116,86.44955262301833,1.7882200462451905,249.34534280141924,1026.4372662221735,2.792760884544104,2
353,2023-12-19,22.93468158094725,97.202152853321,8.351615515698567,301.7215042733197,976.5046428325004,6.428819100587076,1
354,2023-12-20,-1.8532786459285155,29.943777878843576,17.582366151243292,340.0611190106484,952.0944961030912,6.9415057350983105,1
355,2023-12-21,-6.471562629978508,78.46939801629154,18.894640445828205,245.9692901842725,958.2171667476428,5.126547531450529,2
356,2023-12-22,22.12096391031578,95.06723654568304,9.348030224997396,178.98291504303384,1046.786003484503,3.053106766967313,0
357,2023-12-23,-8.67443447291891,34.498645293252814,12.268227784214154,222.425006472437,979.544477747742,2.126443763710961,2
358,2023-12-24,19.288779063673164,25.3197013893422,3.3406789218415045,312.80579441233857,1026.9223147838134,0.3318935456242622,1
359,2023-12-25,37.01151207124788,79.28965194320472,19.823372522739533,205.4195087899787,1012.4663568854264,3.039464012407238,2
360,2023-12-26,18.77370889379395,65.95784905439295,4.6334340276688675,10.93934149086127,988.1939639652896,6.53162790531283,3
361,2023-12-27,9.408496310326097,87.34630214066176,18.854635482702513,335.14153038251203,970.5687262195556,9.383048184484826,1
362,2023-12-28,22.16441092211766,31.18179013010316,12.99293297984737,248.229630371362,962.1386418159408,8.71204482263052,2
363,2023-12-29,12.912644524575832,83.62138494879122,12.154735897577185,243.54481887980876,1011.5012968038868,7.660647765353026,2
364,2023-12-30,17.280839465796745,36.13018560381956,10.253770220330171,77.64305486317818,1027.4633780637787,7.884473432532987,3
365,2023-12-31,37.07324043882626,33.09247542925636,4.613396234355173,237.1987692837566,1014.3904253541132,6.649849034759953,2
